{"train_Loss": 0.31419849395751953, "train_F1": 0.7275385856628418, "train_acc": 0.7901887893676758, "train_IoU": 0.5717569589614868, "_timestamp": 1649776249, "_runtime": 55, "_step": 71, "_wandb": {"runtime": 57}}