{"train_Loss": 13.931286811828613, "train_F1": 0.6827606558799744, "train_acc": 0.7376747131347656, "train_IoU": 0.5183270573616028, "f1_target": 0.4840257167816162, "acc_target": 0.7000923156738281, "IoU_target": 0.3192836046218872, "classifier_loss": 0.31763535737991333, "transfer_loss": 13.613651275634766, "target_loss": 0.5814721584320068, "_timestamp": 1649705297, "_runtime": 112, "_step": 319, "val_train_Loss": 54.424530029296875, "val_train_F1": 0.6727181673049927, "val_train_acc": 0.7641210556030273, "val_train_IoU": 0.5068390369415283, "val_f1_target": 0.5237402319908142, "val_acc_target": 0.7855596542358398, "val_IoU_target": 0.3547751307487488, "val_classifier_loss": 0.3276597857475281, "val_transfer_loss": 54.09687042236328, "val_target_loss": 0.7608787417411804, "_wandb": {"runtime": 113}}