{"train_Loss": 0.2528499364852905, "train_F1": 0.924870491027832, "train_acc": 0.9369710087776184, "train_IoU": 0.8602411150932312, "f1_target": 0.41366955637931824, "acc_target": 0.2918141782283783, "IoU_target": 0.26077139377593994, "classifier_loss": 0.07534998655319214, "transfer_loss": 0.1774999499320984, "target_loss": 0.41069889068603516, "_timestamp": 1649672226, "_runtime": 1992, "_step": 8699, "val_train_Loss": 0.45758140087127686, "val_train_F1": 0.7935734391212463, "val_train_acc": 0.7881825566291809, "val_train_IoU": 0.6577885150909424, "val_f1_target": 0.5740899443626404, "val_acc_target": 0.668188750743866, "val_IoU_target": 0.4026130139827728, "val_classifier_loss": 0.22589927911758423, "val_transfer_loss": 0.23168212175369263, "val_target_loss": 0.4746973514556885, "Ground truth": {"_type": "image-file", "path": "media/images/Ground truth_6298_8bf9c6a049cb736fcd0f.png", "sha256": "8bf9c6a049cb736fcd0f47e99b71ad65dd3c5096930655c622cf62aaf9880743", "size": 933, "format": "png", "width": 256, "height": 256, "caption": "Top: Output, Bottom: Input"}, "Prediction": {"_type": "image-file", "path": "media/images/Prediction_6298_777e9a02b327cad4ab43.png", "sha256": "777e9a02b327cad4ab43fa5cf53c5a7698bab2cbc88b89ad175a7fac7453bda4", "size": 3214, "format": "png", "width": 256, "height": 256, "caption": "Top: Output, Bottom: Input"}, "_wandb": {"runtime": 1997}}