{"train_Loss": 0.2486923635005951, "train_F1": 0.7854105830192566, "train_acc": 0.8699283599853516, "train_IoU": 0.646647036075592, "f1_target": 0.4854331910610199, "acc_target": 0.7191410064697266, "IoU_target": 0.3205096125602722, "classifier_loss": 0.21487653255462646, "transfer_loss": 0.03381583094596863, "target_loss": 0.6763166189193726, "_timestamp": 1649719954, "_runtime": 10925, "_step": 11679, "val_train_Loss": 0.191044420003891, "val_train_F1": 0.8418482542037964, "val_train_acc": 0.8964471817016602, "val_train_IoU": 0.7268894910812378, "val_f1_target": 0.5774598717689514, "val_acc_target": 0.7533330917358398, "val_IoU_target": 0.4059358537197113, "val_classifier_loss": 0.1584160327911377, "val_transfer_loss": 0.032628387212753296, "val_target_loss": 0.6525677442550659, "Ground truth": {"_type": "image-file", "path": "media/images/Ground truth_10078_6310c94371af9bb724e6.png", "sha256": "6310c94371af9bb724e6a91397d8e476a27a92e96044de8aef0690ad4fba8330", "size": 944, "format": "png", "width": 256, "height": 256, "caption": "Top: Output, Bottom: Input"}, "Prediction": {"_type": "image-file", "path": "media/images/Prediction_10078_48ae05f8c84ab46b1fd6.png", "sha256": "48ae05f8c84ab46b1fd65c322178c92100bf3844321fed9be1e40e3435322dc8", "size": 3330, "format": "png", "width": 256, "height": 256, "caption": "Top: Output, Bottom: Input"}, "_wandb": {"runtime": 10927}}