{"train_Loss": 0.25299108028411865, "train_F1": 0.7576918601989746, "train_acc": 0.8351674675941467, "train_IoU": 0.6099066138267517, "_timestamp": 1649776417, "_runtime": 116, "_step": 157, "_wandb": {"runtime": 117}}