{"train_Loss": 0.49715664982795715, "train_F1": 0.8015627861022949, "train_acc": 0.8824939727783203, "train_IoU": 0.6688401103019714, "f1_target": 0.4094856381416321, "acc_target": 0.25745487213134766, "IoU_target": 0.25745487213134766, "classifier_loss": 0.19857758283615112, "transfer_loss": 0.29857906699180603, "target_loss": 0.5821340084075928, "_timestamp": 1649709008, "_runtime": 1761, "_step": 5995, "val_train_Loss": 0.6942659616470337, "val_train_F1": 0.7076218724250793, "val_train_acc": 0.8237438201904297, "val_train_IoU": 0.5475348234176636, "val_f1_target": 0.45948266983032227, "val_acc_target": 0.7896795272827148, "val_IoU_target": 0.2982652187347412, "val_classifier_loss": 0.3004104495048523, "val_transfer_loss": 0.393855482339859, "val_target_loss": 0.763841450214386, "Ground truth": {"_type": "image-file", "path": "media/images/Ground truth_5878_39962cd5bc9f4f044634.png", "sha256": "39962cd5bc9f4f0446341d3e6e0c6c37336ddeb2e026a17a3d06bb6cb3266daf", "size": 141, "format": "png", "width": 256, "height": 256, "caption": "Top: Output, Bottom: Input"}, "Prediction": {"_type": "image-file", "path": "media/images/Prediction_5878_39962cd5bc9f4f044634.png", "sha256": "39962cd5bc9f4f0446341d3e6e0c6c37336ddeb2e026a17a3d06bb6cb3266daf", "size": 141, "format": "png", "width": 256, "height": 256, "caption": "Top: Output, Bottom: Input"}, "_wandb": {"runtime": 1762}}