{"train_Loss": 0.1094348356127739, "train_F1": 0.9207432270050049, "train_acc": 0.9433532953262329, "train_IoU": 0.8531272411346436, "f1_target": 0.6062502861022949, "acc_target": 0.674328625202179, "IoU_target": 0.4349779486656189, "classifier_loss": 0.07944798469543457, "transfer_loss": 0.029986850917339325, "target_loss": 0.676292896270752, "_timestamp": 1649701079, "_runtime": 16090, "_step": 10349, "val_train_Loss": 0.2140514999628067, "val_train_F1": 0.8177117109298706, "val_train_acc": 0.8880538940429688, "val_train_IoU": 0.6916348338127136, "val_f1_target": 0.6248211860656738, "val_acc_target": 0.7165985107421875, "val_IoU_target": 0.4543563723564148, "val_classifier_loss": 0.18311721086502075, "val_transfer_loss": 0.030934292823076248, "val_target_loss": 0.667677640914917, "Ground truth": {"_type": "image-file", "path": "media/images/Ground truth_9448_d61873f657c43dd41fcd.png", "sha256": "d61873f657c43dd41fcd3eeccd9d99d8786a28310cfaef5868e1c0fa5876828f", "size": 787, "format": "png", "width": 256, "height": 256, "caption": "Top: Output, Bottom: Input"}, "Prediction": {"_type": "image-file", "path": "media/images/Prediction_9448_b3b59db8cdc372f864c7.png", "sha256": "b3b59db8cdc372f864c7370d20a13f6b0bf5f78a50472cf4719893c76b41ea3c", "size": 2342, "format": "png", "width": 256, "height": 256, "caption": "Top: Output, Bottom: Input"}, "_wandb": {"runtime": 16094}}