{"train_Loss": 0.37882447242736816, "train_F1": 0.7904456257820129, "train_acc": 0.8253580927848816, "train_IoU": 0.653501570224762, "f1_target": 0.4033372700214386, "acc_target": 0.27570343017578125, "IoU_target": 0.25261273980140686, "classifier_loss": 0.21132171154022217, "transfer_loss": 0.1675027757883072, "target_loss": 0.4187566041946411, "_timestamp": 1649683084, "_runtime": 10177, "_step": 13700, "val_train_Loss": 0.510668158531189, "val_train_F1": 0.7454315423965454, "val_train_acc": 0.8665606379508972, "val_train_IoU": 0.5941736698150635, "val_f1_target": 0.25259989500045776, "val_acc_target": 0.16611354053020477, "val_IoU_target": 0.14455756545066833, "val_classifier_loss": 0.2579662799835205, "val_transfer_loss": 0.25270187854766846, "val_target_loss": 0.6317546367645264, "Ground truth": {"_type": "image-file", "path": "media/images/Ground truth_12598_8bf9c6a049cb736fcd0f.png", "sha256": "8bf9c6a049cb736fcd0f47e99b71ad65dd3c5096930655c622cf62aaf9880743", "size": 933, "format": "png", "width": 256, "height": 256, "caption": "Top: Output, Bottom: Input"}, "Prediction": {"_type": "image-file", "path": "media/images/Prediction_12598_22a5fb465794a110ebe7.png", "sha256": "22a5fb465794a110ebe7824923fc240afd006a6a3dcccab329b65c3a02371bc5", "size": 3158, "format": "png", "width": 256, "height": 256, "caption": "Top: Output, Bottom: Input"}, "_wandb": {"runtime": 10179}}