{"train_Loss": 15.674713134765625, "train_F1": 0.5061908960342407, "train_acc": 0.8061187863349915, "train_IoU": 0.3388592302799225, "f1_target": 0.49715524911880493, "acc_target": 0.7718139886856079, "IoU_target": 0.33080950379371643, "classifier_loss": 0.49540501832962036, "transfer_loss": 15.17930793762207, "target_loss": 0.7984901070594788, "_timestamp": 1649790479, "_runtime": 346, "_step": 129, "_wandb": {"runtime": 349}}