{"train_Loss": 0.11050420999526978, "train_F1": 0.8905181884765625, "train_acc": 0.9305562376976013, "train_IoU": 0.8026435375213623, "_timestamp": 1649782825, "_runtime": 5393, "_step": 6779, "Val_Loss": 0.08624941110610962, "Val_F1": 0.9147307872772217, "Val_acc": 0.9368202686309814, "Val_IoU": 0.8428608179092407, "_wandb": {"runtime": 5395}}