{"train_Loss": 0.5632357001304626, "train_F1": 0.7806378602981567, "train_acc": 0.8982419967651367, "train_IoU": 0.6402019262313843, "f1_target": 0.31367260217666626, "acc_target": 0.2534170150756836, "IoU_target": 0.18600934743881226, "classifier_loss": 0.21964514255523682, "transfer_loss": 0.34359055757522583, "target_loss": 0.6638827323913574, "_timestamp": 1649707058, "_runtime": 999, "_step": 2564, "val_train_Loss": 0.5846771001815796, "val_train_F1": 0.7931646704673767, "val_train_acc": 0.8507909774780273, "val_train_IoU": 0.6572270393371582, "val_f1_target": 0.7056098580360413, "val_acc_target": 0.8753852844238281, "val_IoU_target": 0.5451292395591736, "val_classifier_loss": 0.20704710483551025, "val_transfer_loss": 0.37762999534606934, "val_target_loss": 0.7275682091712952, "_wandb": {"runtime": 1000}}