{"train_Loss": 0.21131032705307007, "train_F1": 0.8165582418441772, "train_acc": 0.892094612121582, "train_IoU": 0.6899861097335815, "f1_target": 0.4566217064857483, "acc_target": 0.3644256591796875, "IoU_target": 0.29585862159729004, "classifier_loss": 0.18354493379592896, "transfer_loss": 0.027765391394495964, "target_loss": 0.5553078055381775, "_timestamp": 1649754430, "_runtime": 17593, "_step": 18808, "val_train_Loss": 0.17649899423122406, "val_train_F1": 0.8530660271644592, "val_train_acc": 0.9201793670654297, "val_train_IoU": 0.7437795400619507, "val_f1_target": 0.4192819893360138, "val_acc_target": 0.33321571350097656, "val_IoU_target": 0.26524782180786133, "val_classifier_loss": 0.14712774753570557, "val_transfer_loss": 0.029371244832873344, "val_target_loss": 0.5874248743057251, "Ground truth": {"_type": "image-file", "path": "media/images/Ground truth_16798_232f05df8a4dd642ff1d.png", "sha256": "232f05df8a4dd642ff1d328323f3740c4f9ec8a733af626820d8b3ed032ba753", "size": 207, "format": "png", "width": 256, "height": 256, "caption": "Top: Output, Bottom: Input"}, "Prediction": {"_type": "image-file", "path": "media/images/Prediction_16798_b40958b5bd9c862b3a95.png", "sha256": "b40958b5bd9c862b3a957d2daffa7c8d8afe8c9b3b8cec7e2059704e83e1ae59", "size": 2031, "format": "png", "width": 256, "height": 256, "caption": "Top: Output, Bottom: Input"}, "_wandb": {"runtime": 17594}}