{"train_Loss": 14.563470840454102, "train_F1": 0.6804746985435486, "train_acc": 0.770880401134491, "train_IoU": 0.51569664478302, "f1_target": 0.37760746479034424, "acc_target": 0.6896197199821472, "IoU_target": 0.23274731636047363, "classifier_loss": 0.32550132274627686, "transfer_loss": 14.237969398498535, "target_loss": 0.6960911750793457, "_timestamp": 1649684502, "_runtime": 1196, "_step": 1599, "val_train_Loss": 10.422794342041016, "val_train_F1": 0.5138645172119141, "val_train_acc": 0.7517280578613281, "val_train_IoU": 0.345772385597229, "val_f1_target": 0.3783354163169861, "val_acc_target": 0.7103614807128906, "val_IoU_target": 0.23330068588256836, "val_classifier_loss": 0.4908733367919922, "val_transfer_loss": 9.931921005249023, "val_target_loss": 0.8010593056678772, "_wandb": {"runtime": 1197}}