{"train_Loss": 1.0423004627227783, "train_F1": 0.6827897429466248, "train_acc": 0.7295026779174805, "train_IoU": 0.5183605551719666, "f1_target": 0.4737861156463623, "acc_target": 0.6807937622070312, "IoU_target": 0.3104323446750641, "classifier_loss": 0.31717145442962646, "transfer_loss": 0.7251290082931519, "target_loss": 0.5754573345184326, "_timestamp": 1649705828, "_runtime": 108, "_step": 319, "val_train_Loss": 1.0927528142929077, "val_train_F1": 0.6561464071273804, "val_train_acc": 0.7413225173950195, "val_train_IoU": 0.48825743794441223, "val_f1_target": 0.4975941777229309, "val_acc_target": 0.6963796615600586, "val_IoU_target": 0.3311983048915863, "val_classifier_loss": 0.34431707859039307, "val_transfer_loss": 0.7484357357025146, "val_target_loss": 0.7114251852035522, "_wandb": {"runtime": 110}}