{"train_Loss": 0.2621445059776306, "train_F1": 0.749788224697113, "train_acc": 0.8301625847816467, "train_IoU": 0.599729061126709, "_timestamp": 1649776832, "_runtime": 115, "_step": 157, "_wandb": {"runtime": 116}}