{"train_Loss": 0.1963934600353241, "train_F1": 0.8423433303833008, "train_acc": 0.960662841796875, "train_IoU": 0.7276281118392944, "f1_target": 0.6492210030555725, "acc_target": 0.8757143616676331, "IoU_target": 0.4806272089481354, "classifier_loss": 0.1575450897216797, "transfer_loss": 0.038848377764225006, "target_loss": 0.7769675254821777, "_timestamp": 1649842800, "_runtime": 52186, "_step": 48749, "val_train_Loss": 0.30232328176498413, "val_train_F1": 0.7450519800186157, "val_train_acc": 0.9565610289573669, "val_train_IoU": 0.5936915874481201, "val_f1_target": 0.5796703100204468, "val_acc_target": 0.8844632506370544, "val_IoU_target": 0.40812382102012634, "val_classifier_loss": 0.25504380464553833, "val_transfer_loss": 0.047279492020606995, "val_target_loss": 0.9455898404121399, "Ground truth": {"_type": "image-file", "path": "media/images/Ground truth_40948_39962cd5bc9f4f044634.png", "sha256": "39962cd5bc9f4f0446341d3e6e0c6c37336ddeb2e026a17a3d06bb6cb3266daf", "size": 141, "format": "png", "width": 256, "height": 256, "caption": "Top: Output, Bottom: Input"}, "Prediction": {"_type": "image-file", "path": "media/images/Prediction_40948_39962cd5bc9f4f044634.png", "sha256": "39962cd5bc9f4f0446341d3e6e0c6c37336ddeb2e026a17a3d06bb6cb3266daf", "size": 141, "format": "png", "width": 256, "height": 256, "caption": "Top: Output, Bottom: Input"}, "_wandb": {"runtime": 52187}}