{"train_Loss": 0.262864351272583, "train_F1": 0.7456343770027161, "train_acc": 0.8234446048736572, "train_IoU": 0.5944315195083618, "_timestamp": 1649777384, "_runtime": 131, "_step": 225, "Val_Loss": 0.16836225986480713, "Val_F1": 0.8428983092308044, "Val_acc": 0.8721882104873657, "Val_IoU": 0.7284566760063171, "_wandb": {"runtime": 132}}