{"train_Loss": 1.8302733898162842, "train_F1": 0.6161269545555115, "train_acc": 0.7497138977050781, "train_IoU": 0.4452193081378937, "f1_target": 0.49866658449172974, "acc_target": 0.66259765625, "IoU_target": 0.33214911818504333, "classifier_loss": 0.393086314201355, "transfer_loss": 1.4371870756149292, "target_loss": 0.6799296140670776, "_timestamp": 1649706028, "_runtime": 38, "_step": 40, "_wandb": {"runtime": 39}}