{"train_Loss": 0.47897911071777344, "train_F1": 0.5753471255302429, "train_acc": 0.6205615997314453, "train_IoU": 0.4038507640361786, "_timestamp": 1649777217, "_runtime": 12, "_step": 9, "_wandb": {"runtime": 13}}