{"train_Loss": 1067.35400390625, "train_F1": 0.509018063545227, "train_acc": 0.609930694103241, "train_IoU": 0.3413979709148407, "f1_target": 0.4694116711616516, "acc_target": 0.6416104435920715, "IoU_target": 0.3066871762275696, "classifier_loss": 0.5327728986740112, "transfer_loss": 1066.8212890625, "target_loss": 0.6097604036331177, "_timestamp": 1649683276, "_runtime": 19, "_step": 4, "_wandb": {"runtime": 20}}